Importers;Imported value in 2004;Imported value in 2005;Imported value in 2006;Imported value in 2007;Imported value in 2008;Imported value in 2009;Imported value in 2010;Imported value in 2011;Imported value in 2012;Imported value in 2013;Imported value in 2014;Imported value in 2015;Imported value in 2016;Imported value in 2017;Imported value in 2018;Imported value in 2019;Imported value in 2020;Imported value in 2021;Imported value in 2022;Imported value in 2023
World;298935100;343502914;391603929;449059919;493568520;400122932;499639265;578001354;570856457;598561804;621964015;560465258;553405307;610764845;671171786;640754558;612762616;802578551;832693974;722327281
United States ;28252482;33660468;36421957;36459734;37712492;29906968;36909554;41407087;44249296;46376567;50128863;50373200;50376130;54713764;61719974;60355031;62342457;82383519;89879630;72346644
China;28055531;33308205;37832892;45333716;48862558;48513919;63704657;70198652;69424491;72390786;75190305;65609923;61006719;68949683;74867230;71593756;71084529;82825936;75188948;61976018
Germany;20664522;24445125;28714837;32426481;39603224;29729862;36314491;43095517;40306562;42601675;44633003;39148473;39900156;44363841;48641085;44588746;41723743;55147724;57034339;49983203
Mexico;12586841;14349167;15942901;16206241;16162952;12698018;17404501;18486474;19835821;20809738;22317115;22306435;22144290;23163624;25295291;24585093;21865474;29738792;32721371;30714898
France;16568317;18385564;20429461;24207379;25723519;20361027;23405025;26243096;24270312;25103756;25379755;21892856;22030145;24221197;26099658;24178581;22141772;29241693;30307151;27085313
Italy;13830626;15239900;17764456;20534220;20715614;15220752;18967472;22095074;19216940;20231290;20850391;18342494;18456573;20515317;22159154;20527303;18856764;27435468;30257507;25835343
India;1498888;2427797;2814552;3730382;4468324;5134342;7327235;7999615;9281085;9984763;11801179;11346650;11390534;13002678;15237235;14623223;11974524;19257673;22716066;22583816
Belgium;11944668;13058620;14827242;17294082;18196348;14220603;16613507;19015955;18032639;18966747;19489768;16248163;17162619;18823873;20066888;18613589;17057631;23925211;24854974;21005995
United Kingdom;13829305;14695847;18294517;17951151;18032048;14348785;16779447;19211281;17393343;18852526;20129584;17905439;17122099;18440248;19451946;18845147;18130257;21288886;22647790;19662740
Canada;9765651;11284946;12242897;12605198;13253130;10670246;13084903;14537388;15086166;15352878;16071861;14951442;14730401;16039251;17001800;16353958;15970566;20490265;22499463;19314706
Poland;5262942;6089039;7254900;9279338;10971391;8176846;9734248;11951308;10693940;11979491;12709162;10889656;11278669;12834335;15747280;13335720;14743229;21205735;20804349;18322935
Netherlands;7368877;7955589;8896318;10588938;11689856;9138094;10164035;13991389;13273239;14512032;14903216;13005829;12905081;14471294;16086946;15825839;15686725;20848322;21366727;18133156
Viet Nam;1774884;2147119;2679780;3580697;4296997;4043570;5430155;6721373;7118547;8512775;9714834;9919413;10947221;13313632;15299978;15872857;15903360;19983552;20830867;17499314
Türkiye;4763094;5795589;6918411;8688044;9385517;6944490;9730432;12578501;12505398;14079608;14373292;12268261;11627786;13264846;12937362;11799994;11738222;17590476;18975919;16214495
Japan;7518260;8546321;9431500;10194753;12071352;9781035;12687121;15314969;15705627;15086321;15472557;13775237;13958507;15054978;16921612;16174956;14973194;17383552;18332885;16124587
Spain;8437939;9281061;10584267;12189021;12324806;9173182;9991559;10982679;9787673;10606365;11502814;10586165;10585802;11896289;13205894;12556878;11855597;15761097;16919797;15427794
South Korea;4399320;5400582;6088854;6935319;7469419;7158955;9858470;10850071;10885917;10614596;10715504;9953325;10062965;11104887;11813576;11517159;11484015;14175368;13815087;12721987
Czech Republic;3868514;4451330;5118146;6195947;7048673;5219484;6317750;7702956;7348901;7883461;8601961;7781573;8118780;9053617;9780401;9224191;8651294;11238194;11469209;10962098
Thailand;3702532;4238680;4630026;5159426;6223952;4842290;6926213;7579594;8460996;8072896;8171672;7909896;8031218;8683883;9652867;9256816;8590211;10771305;10930720;9841984
Indonesia;1605949;1748870;1855723;2195233;3949743;3216112;4817053;6687479;6990931;7642657;7794290;6831597;6999782;7729180;9210567;8784619;7154565;10185158;11123493;9402360
Brazil;2514261;3045921;3584449;4446934;6099287;5053537;6945509;8578771;8430021;9341476;9303103;7121047;5916007;6533384;7336461;7369158;6660801;9864541;10275461;9223092
Malaysia;3280818;3552854;4668124;4636166;4682782;3786518;5174720;6056184;5966767;6365572;7251814;6787738;6843297;7706223;8775612;8935105;7780980;9580352;10010088;8489915
Russian Federation;2338628;3542135;4956119;6741468;8478663;5752980;8125488;10057256;11503318;11466621;11030032;7453769;7541507;8765788;9763106;9830316;9338339;12625001;8858530;8328132
Austria;4415153;4975684;5428484;6486803;7213315;5742218;6572596;7626418;7024626;7488364;7637155;6511596;6457405;7184326;7937503;7473434;6958911;9306018;9514890;8298503
Switzerland;4304287;4648103;5157497;6077797;6737100;5465290;6324364;7360522;6642336;6909558;7073288;6022059;6011598;6423664;6955109;6551120;6456632;8157568;8390760;7714773
Taipei, Chinese;4575780;5181804;5617927;5911685;5942541;5109293;7337308;8245418;7925214;7460969;7614011;6707526;6443539;7023380;7654852;7273479;7654201;9532000;9072026;7301941
Singapore;2979807;3163943;3597306;4131834;4549729;3806312;6235323;7786189;8195927;7442178;7710219;6671931;6686147;7653252;8733109;8505683;7188830;8309321;8505554;6950982
Australia;2941021;3285521;3598489;4393076;4804096;3914981;4818819;5258871;5365631;5571864;5808832;5446241;5371535;5826002;6410427;5847678;6158939;7300602;7747582;6752324
Hungary;2387189;2610581;2986423;3448316;4047013;2958249;3458468;4112676;3911668;4327458;4588923;4185931;4416103;4874197;5584978;5385870;5203429;6989663;7261659;6639239
United Arab Emirates;;1565455;;2752751;3392712;;;;4604454;3651265;4155313;3838883;3524514;4734246;4879240;4729725;4240465;6151444;7023057;6403184
Romania;1427335;1825208;2411100;3043376;3512306;2542412;2935790;3578012;3487462;3844422;4139435;3831863;4079467;4643197;5202241;4907263;4745637;6549438;6580518;6244546
Sweden;3479788;3989289;4463935;5349099;5771888;4209542;4956386;5726656;5377179;5595425;5675098;4750764;4817450;5312059;5763988;5389047;5185850;6756397;6879815;5743308
Portugal;1991205;2216028;2495822;3033477;3359972;2675011;2965811;3466522;2980407;3321273;3541579;3209525;3287849;3751585;4571883;4010146;3754841;5241059;5552329;5160156
Hong Kong, China;11538457;13362309;14531253;14799957;14649995;11632524;14985746;14845536;14019529;13914559;13526706;11897366;10296763;10356732;9705542;8253899;7134279;8253345;6095410;5142375
Saudi Arabia;971324;1229142;1342498;1627873;2132457;1741907;2162388;2819654;3143738;3354164;3477466;3599086;2962945;2902346;3108703;3307075;3281606;3849376;4767016;4609773
Denmark;2889828;3293413;3758640;4303138;4600055;3286276;3455599;4100687;3961826;4116129;4289596;3715220;3666724;3924092;4251712;3893515;3849440;5201882;5149163;4520180
Slovakia;1312690;1452023;1871694;2396020;2912735;2338104;2697514;3092069;3097539;3223030;3407339;3119580;3345769;3682162;3853209;3677150;3412102;4432456;4562099;4403804
Egypt;508420;740445;682975;1128262;2330889;1897093;2296111;2915005;3112063;3302914;3300851;3357562;3143758;3208606;3898660;3666443;3351485;5122736;5900453;4251115
Ireland;1963819;2116765;2322167;2646973;2597547;1994719;2196317;2494627;2340327;2552522;2787385;2516986;2472914;2822170;3110660;3049457;3057277;3938978;4418222;4146831
Philippines;1219800;1187349;1298877;1283758;1404563;1033954;1547665;2044662;1967796;1945388;2581004;2280829;3061628;3224516;3790736;3711120;3159467;4411647;4576232;4145327
Argentina;1164037;1496956;1627554;2051067;2226061;1750113;2427939;3033556;2837762;2786593;2580925;2615039;2219387;2384701;2383467;2115251;2108606;3038521;3354560;3124963
Morocco;650799;744832;905602;1216083;1351267;1137621;1257058;1620916;1667258;1821912;1944217;1733284;1664293;1877443;2111396;2210441;2055934;2602584;3003275;2993322
Iraq;;;;;;;;;;;242358;1963573;2011661;2530139;2527735;2217444;2230494;2418066;2940008;2944680
Israel;1357743;1490797;1781488;2112300;2242541;1570301;2025980;2352330;2323840;2427683;2564774;2274142;2364809;2614241;2854221;2707214;2642555;3752500;4093554;2853380
Greece;1606745;1656481;1908293;2455352;2680689;1886776;1881689;2004731;1677840;1918032;1995484;1709421;1810151;1880672;2131532;2069129;2037285;2875959;3069830;2808318
Ukraine;1070933;1497339;1988858;2693595;3518506;2141586;2867181;3413556;3413971;3553511;2922535;2092953;2201118;2460339;2701011;2638845;2475828;3596215;2467691;2798188
Norway;1500500;1711498;1958760;2370152;2543942;2024978;2224798;2551339;2526747;2676928;2711182;2282663;2283773;2436456;2587504;2461027;2511052;3151252;3130480;2768362
Bangladesh;330365;410955;541450;686072;831925;750945;1016098;1302536;1293265;1379726;;1795192;1923736;2160016;2457640;2467683;2266885;3605892;3493323;2651339
Colombia;721140;956701;1157870;1403311;1597200;1314595;1679697;2189633;2315088;2425850;2699223;2379918;2112993;2129011;2506143;2304872;2078699;3226017;3875596;2650131
South Africa;1216124;1411448;1609023;1919294;1880996;1545937;2095891;2440285;2457196;2518423;2558148;2400566;2257082;2483402;2841127;2493921;2032337;2925314;3224644;2641191
Finland;1729136;1910738;2082659;2459032;2629011;1896254;2329623;2667238;2463750;2515651;2589509;2169139;2145682;2414158;2602456;2432877;2382203;2983406;3176430;2639186
Algeria;557381;588541;645645;889636;1180790;1188706;1318898;1676710;1695956;2076841;2222189;2139965;2175305;2042204;2236475;2037049;1834459;2203990;2668672;2598165
Chile;1024309;1316313;1420438;1638975;1895043;1317832;1869226;2154519;2307046;2401282;2345327;2253422;2080836;2234613;2532347;2319935;2192765;3586436;3395619;2449778
Bulgaria;569076;711522;882016;1125261;1306520;914116;1061408;1269006;1245625;1414291;1504715;1330225;1348701;1523954;1703372;1668853;1644390;2353754;2469384;2265398
Pakistan;576176;998643;1128629;1280701;1360024;1184998;1458024;1679483;1501268;1569501;1952119;1933164;1938113;2299580;2497985;2215763;2170825;3017943;3016258;2251608
Peru;598343;770588;893847;1155460;1532146;1052823;2154802;1962767;3139570;3352245;2219775;1981597;1789257;1894653;2247523;2088250;1924010;3007708;3246911;2201047
Dominican Republic;384285;423784;913781;635023;781363;775271;711441;1053545;998958;1102401;1269071;1322468;1406958;1432015;1511694;1544241;1443850;2096557;2470035;2180803
Slovenia;866331;972207;1113665;1409844;1534722;1149318;1293197;1509574;1454861;1565715;1636295;1428807;1504822;1742264;1953338;1812811;1678431;2409970;2499734;2110326
Kazakhstan;317344;431981;617319;887294;925514;780737;783015;1245649;1397443;1594458;1485335;1093355;980701;1118798;1241480;1344585;1254834;1730574;2118173;2087260
Serbia;;;633175;864561;1020368;666758;740625;986210;1039850;1191141;1200910;1020950;1023486;1208903;1420366;1482433;1502535;2114415;2238214;2046787
Lithuania;556399;720611;824631;1022204;1081169;707109;862857;1055063;1169978;1339857;1474132;1233818;1274688;1508729;1629907;1560505;1644123;2384557;2360075;1965684
Iran, Islamic Republic of;1213896;1423643;212129;2085624;1912593;1914505;2312032;2682046;2170845;1915313;1909392;1603720;1578590;1792188;1283768;1343156;1146007;1349719;1754772;1849181
Costa Rica;457644;531117;626158;696677;819312;517407;820822;1130182;1009217;1072161;1198127;1185577;1197552;1239527;1336725;1394007;1220756;1571533;1665440;1733501
Nigeria;;;1536268;2335732;1335954;1963540;1878577;2113855;1518363;2377006;2099911;1533337;1548336;1340737;1384566;1530889;2399919;2547651;2323597;1694179
Tunisia;556596;628637;696275;885280;1027930;889513;1039140;1199306;1162622;1286929;1279301;1115744;1161327;1219343;1382971;1302705;1181487;1431280;1685956;1634547
Croatia;608713;694431;811227;1001651;1122355;814599;809808;965415;886804;955417;999248;945121;981210;1048404;1213094;1191457;1150680;1595064;1723803;1624506
New Zealand;878483;989499;1001632;1148839;1220605;946266;1161319;1309381;1410372;1477908;1606707;1441738;1384456;1543439;1616454;1533167;1450436;2039530;2023167;1556901
Guatemala;421584;591252;492310;750541;794300;623185;775650;932087;898108;977072;1063365;1128116;1009646;1051473;1138820;1087014;1080762;1686535;1880031;1501702
Uzbekistan;;;;;;;;;;;;;;449753;573903;811724;705103;926693;1238100;1404482
Luxembourg;708804;717682;777453;904065;1085688;843312;1006471;1179400;1074570;1198668;1196487;1066815;1067751;1191538;1363707;1314290;1244725;1650368;1723193;1342946
Ecuador;427075;505078;560801;615710;839197;646765;865211;1063632;1047298;1138147;1199155;1015496;863227;988814;1140666;1001647;852589;1398601;1606119;1190100
Cambodia;36322;46455;57462;55554;83607;86939;104498;113224;142784;175790;259466;317804;424321;457407;566506;755749;836837;1164458;1216903;1071541
Oman;223531;252262;286368;406688;860694;447809;512432;622645;639231;720667;770344;846200;707063;756942;843439;854648;787023;924975;1019615;990786
Latvia;291448;348987;447567;546440;570418;373226;479513;597024;587859;653556;680530;550645;549740;669181;735541;715838;741666;1014175;1024636;881937
Estonia;332846;394111;526883;635709;665391;464084;582461;702933;702439;754118;767334;629491;655162;740035;811775;778599;795603;1051361;1040744;879231
Kuwait;333008;;445389;481820;558676;422210;447267;595471;621911;661111;708160;775514;698192;801801;857415;1042147;752087;838566;925808;847088
El Salvador;250943;363143;404722;461310;491959;376859;492365;592520;601692;651174;651283;583892;570283;609156;655792;664324;577893;927186;1112582;836211
Jordan;296105;348782;374568;465880;565336;481657;552751;654744;736119;807076;871859;774975;684555;708052;734055;669004;616072;790175;935103;833612
Ethiopia;78900;143566;128809;148322;227598;195096;216444;279812;355387;398786;453324;554265;553512;634225;556766;697816;638784;675421;829006;831853
Kenya;204039;267234;312374;384119;436809;371648;492322;607676;621136;707035;763931;728810;662375;673901;769302;734449;727024;982228;971910;807852
Belarus;669573;583266;820798;1038759;1341874;995124;1323312;1498651;1704606;1866637;1834497;1304527;1338731;1551188;1691283;1717626;1569119;1594922;698934;792820
Bosnia and Herzegovina;181031;254257;284662;379391;469657;353712;391860;449384;441962;467020;519313;461279;487337;544719;613681;601157;587785;812311;860752;791802
Libya, State of;;;;121216;154306;313931;411400;;;;;417115;314761;261111;326266;460242;416719;574747;650092;783176
Côte d'Ivoire;135075;150043;190528;226299;268468;283705;275225;278613;324787;382844;420296;449856;397600;474478;462172;471960;513938;661640;777635;702376
Tanzania, United Republic of;125222;170608;186367;227170;297167;276631;413456;430818;467238;479913;597659;444089;402577;395983;488785;489582;469543;670367;887178;695818
Yemen;119364;208054;173701;232199;267563;243471;267527;249281;315169;374287;423566;207915;232057;273968;526437;511770;553289;736092;738585;667214
Ghana;135912;162735;184544;277366;254935;216390;264862;419757;442211;471932;505074;514274;396465;468530;584649;499852;;905531;787769;660516
Panama;122676;136808;256658;318286;383808;313624;430916;514178;528156;536268;601661;557972;525839;567233;550810;516548;415499;641366;696137;622908
Qatar;112492;180520;265360;366448;455022;496599;423555;462670;498526;589879;726139;753077;;704414;738869;615684;580383;698110;797795;591538
Myanmar;;;;;;;213257;296715;278768;451467;504059;521865;582556;693544;808460;816594;771523;614338;690648;574988
Uruguay;193025;255390;284343;349166;424342;340360;455984;560033;562615;599164;520780;476162;412090;434605;482688;444442;405730;573996;650280;567615
Congo, Democratic Republic of the;;;;;;;;;;;;288761;171297;179129;240029;286541;232691;426285;629110;563434
Honduras;179523;224838;226349;298507;337783;267354;317090;376458;379315;381943;360183;377436;383878;406345;430353;407181;369255;580165;;559268
Uganda;61672;83964;96438;130297;160230;135863;160129;226962;236070;234863;266973;286357;243574;289115;386504;370514;384844;479546;603961;558421
Bolivia, Plurinational State of;110175;145595;166480;199205;259151;213875;283807;356039;405380;443095;473923;460014;448615;433328;490577;495033;389454;532675;633814;549219
Sri Lanka;279170;322636;356653;407798;437179;331982;474897;595600;570667;595199;701192;730726;710110;723052;;714131;611534;911031;726180;541981
Azerbaijan;59907;67973;87556;122394;196862;128749;179465;292259;360984;278361;241634;204774;280890;318187;367430;403985;346015;387951;486604;523422
Venezuela, Bolivarian Republic of;479687;650120;665612;1113969;1350860;993265;872996;1287940;1516917;1463056;1091328;642385;347291;196935;185464;156537;207824;385167;653281;517630
Nicaragua;82502;96170;67271;128001;125002;121068;142040;176857;210319;211238;228861;239486;368319;355578;316743;315683;301995;410770;490764;498107
Paraguay;94363;113760;139718;180452;256256;202750;260443;341092;339833;370062;393366;417995;385649;424099;479909;435498;416361;557858;584897;493412
Macedonia, North;102970;124734;140549;189060;235962;195206;195403;254259;242828;279869;296219;276763;292067;319026;375425;382355;358713;464815;490800;486991
Angola;90745;134913;218349;282843;460135;445521;336292;431908;765823;591749;618332;310803;327483;404155;451999;467241;365708;409364;556716;449378
Zambia;89859;98671;97432;122663;130831;117728;156496;224618;261345;280364;265639;240933;197768;232736;320729;305223;291171;402768;544566;448707
Lebanon;288243;297458;296682;391165;471947;427456;518844;569097;604498;683731;695011;624008;596307;640772;644006;530464;308673;408722;497797;446889
Georgia;31677;56055;102754;146320;178338;129407;171271;230042;267275;253250;285896;237220;233920;262649;276094;289192;259296;342483;418341;428086
Cameroon;68901;73291;82532;115656;127655;124034;137883;147959;153310;175428;178428;180457;171584;168299;190862;202439;201367;262093;426505;423820
Bahrain;90232;123984;106614;162776;243379;168230;191892;258293;300005;271309;362265;378881;353690;358332;385055;345871;379828;447788;451904;373218
Moldova, Republic of;79398;114184;137135;178364;213452;144588;171723;217883;220163;238509;253858;195597;196109;230512;273610;279418;284718;370075;371927;352172
Albania;56698;70050;88258;116322;156387;148615;145979;161380;157421;165306;171269;157446;183314;209852;241226;210804;213616;309259;316304;334713
Nepal;;;;;;167565;160534;232178;187784;259792;277748;252274;335552;372239;461013;454998;370245;626865;532584;331681
Lao People's Democratic Republic;;;;;;;39510;50478;47498;80925;92865;81293;67113;111871;133134;175066;164216;188596;299050;323793
Zimbabwe;114408;101392;67754;84338;42230;83711;133097;176439;184916;203289;209913;203353;183205;176279;271546;184026;194449;298617;382190;322221
Syrian Arab Republic;1843447;601687;658732;892139;1095390;1020849;1055634;1190127;618589;262486;247522;276115;278658;298963;385009;364436;285171;329024;610783;305749
Senegal;86104;98135;110420;141557;158290;136315;81883;138138;166758;190535;195115;172866;168949;192905;227106;224507;233071;254990;351027;301213
Djibouti;;;;;;27252;;;;;;;;;;;;182817;280303;299091
Cyprus;157435;170247;185891;235339;290696;213569;221590;230895;190097;157267;169910;149218;164656;190539;219632;217811;218901;265273;306207;294493
Jamaica;130699;159201;173865;179338;183355;153277;160776;168184;176062;181269;186058;191230;179825;199494;213948;223948;205675;233375;290744;275544
Kyrgyzstan;36201;37515;49484;56079;65403;56191;73128;107397;138378;177945;173072;120053;132727;133481;168056;154186;132464;194695;302404;261441
Afghanistan;;;;;8803;4382;14740;20262;58973;65207;36257;17140;7146;77471;115969;114448;260763;209286;265912;260557
Trinidad and Tobago;125101;158550;177810;199775;216903;170274;181749;195972;231663;238790;250992;251531;238949;230671;249010;226132;203653;266276;329902;256868
Iceland;111169;144891;158425;192552;173599;102755;111536;129444;127464;134715;147503;135132;150216;173144;186332;176430;170008;226843;247865;251237
Guinea;21809;16621;17927;13478;20559;22983;31737;25846;38865;36461;40162;45508;52229;136589;126570;156989;183513;206928;237453;247197
Armenia;21924;29043;55410;101890;139685;99311;109459;126555;119744;123459;128863;96709;89838;109234;142384;148059;134318;161726;234426;245308
Malta;138283;152285;159781;203421;215907;157646;185196;213636;192834;198537;188181;178985;165641;182849;195666;192700;193483;214093;240698;244193
Sudan;;;;;;;;;301384;287545;350657;392161;344014;426816;357614;452628;456933;455699;545116;230872
Mozambique;36298;37106;44842;51736;81465;77998;62763;110317;112289;190131;182449;164126;130762;124889;153315;200163;165612;219231;230089;224579
Korea, Democratic People's Republic of;60359;84016;84819;63083;85963;77971;89765;116613;142036;155752;199180;175202;189905;233801;221961;273567;36031;36237;117514;211707
Togo;5283;3970;;8245;58821;52773;62216;101565;102900;124725;122760;128313;125931;128857;113790;152623;147066;183816;213459;199409
Haiti;;;;;;;;;;113261;112677;95425;105783;77300;186295;169243;201743;242216;230607;194440
Mongolia;10552;14929;19800;36997;;;52994;106941;118963;120445;119726;84448;76022;95945;126634;138693;121676;144655;213391;190616
Mali;25581;33863;36771;49389;60572;;106530;73214;74247;;;;89619;95860;113361;108693;117092;157298;152214;185578
Cuba;181637;239105;220555;;;;;;;;;;369270;332063;340820;341841;248965;252426;314649;176887
Malawi;32251;34638;41127;51012;63551;67453;81371;89530;112834;111743;117009;102917;88058;96561;120025;115690;115516;173549;170035;176784
Tajikistan;;;;;;;;;;;66777;62327;70411;76045;84924;102315;96619;109722;174312;175690
Namibia;61927;69562;75639;91777;103640;136501;170808;224578;151535;158363;186926;186886;156798;164723;197364;205209;174553;232753;226349;171935
Turkmenistan;34411;46475;55388;70903;115851;134595;169906;202531;258641;320385;383031;269606;194086;165362;133902;142054;91245;120292;175949;169975
Mauritius;86310;94065;94521;113061;125099;101054;128957;144846;149684;139017;145230;120600;125698;129366;162654;156650;118939;155599;179314;162491
Botswana;76452;75995;77085;103641;108895;102787;106713;120923;140688;120542;136352;117777;110708;99312;121033;135118;119895;168154;173484;154166
Papua New Guinea;30708;;;;;;;135911;167350;;;;;;;126639;113869;136549;172329;150121
Madagascar;46387;47309;54591;69274;101575;61231;74184;85180;73796;77202;103283;94090;113949;121388;129780;132584;110813;147404;185499;143123
Somalia;2706;6501;6848;12720;14517;9816;11234;15025;32777;30519;35140;46902;77358;73932;92385;109533;129813;152222;149165;142236
Bahamas;68845;82931;110634;113955;120048;108455;90670;140115;120366;135668;155198;132747;82689;113660;143568;104564;80742;125584;180245;140202
Congo;;;;36525;17577;23901;22018;30366;35779;57083;76127;85016;81392;43011;47199;45019;35855;45045;69862;137785
Guyana;23098;30329;30869;36377;38057;39733;45603;53254;55046;55619;54228;52650;51390;56273;65205;112062;66765;89552;103208;126013
Montenegro;;;44971;77821;102789;68380;61336;65664;63432;69524;72611;61114;66879;68253;80814;81177;68157;79390;97597;111747
Sierra Leone;;;;;;;;;;;69430;60254;35676;36241;56501;114924;58199;95217;106163;106761
Fiji;54017;68794;67193;72056;78211;49686;65582;73232;75054;82962;101233;69970;97636;97841;115122;93959;78172;107300;146266;106694
Burkina Faso;24893;28219;35477;37265;39271;43258;49089;60769;77322;76105;80597;68945;73595;77978;111723;100919;95378;116711;108685;101168
Free Zones;65523;110947;131482;159129;145568;114894;155786;163685;265956;115976;121623;301606;288714;254396;294484;111851;73301;132281;132122;97189
Gabon;18825;30784;34443;43849;53736;52969;65626;74420;85690;97878;88383;68459;85557;62549;71457;67464;65050;67577;82900;93764
Maldives;14810;22597;24314;32935;34406;24152;25603;36330;34492;35705;49734;56697;65555;76027;96449;84748;62098;71522;100671;82910
Macao, China;43479;52269;61559;67632;59070;43255;45234;50509;57105;59667;73042;77563;72285;74766;74697;74154;71726;96402;94059;81502
Eswatini;57842;53257;47331;54723;50649;53352;68408;68447;67957;72808;72146;67963;62585;70590;75094;69900;63068;93077;90173;78785
Rwanda;9461;12958;14055;17029;28207;34820;39538;34468;44463;39991;50821;59068;69508;69619;79901;86188;103877;128118;115341;71153
Brunei Darussalam;34119;38126;33917;37985;35979;43035;56433;62460;61790;101269;67695;61656;55386;45391;42277;52224;52903;52914;59302;69746
Barbados;46953;56730;60220;58495;62815;51802;51408;54038;51798;57773;57280;55520;54565;52866;56698;50562;55674;69219;91787;68895
Benin;13699;12022;17849;18059;23355;23765;27926;28237;28351;29606;37489;31927;30367;28747;41034;35731;50179;61205;67248;67081
Mauritania;12041;12429;;18365;23542;36243;21322;32730;46712;48150;38839;45247;45503;39296;105893;50644;45829;50770;47645;60442
Suriname;28202;37378;;40388;;51201;54428;62850;63195;73331;63359;75502;46707;58440;75741;74020;50355;45995;61401;58205
Palestine, State of;;;;61555;65973;72679;100681;141754;149964;164635;198934;216136;217182;232730;255003;253304;238285;327337;324066;53989
Liberia;;;;;;;;;;;;;;36979;35782;43760;39230;66402;61298;51240
South Sudan;;;;;;;;;8625;15652;24626;14771;11660;11993;29940;31141;37823;43488;53289;50978
New Caledonia;39374;52335;56394;49563;67766;61234;79657;84872;77328;74090;74052;68668;49844;46081;51765;47872;47271;52982;50982;49159
Belize;15610;14637;20410;20926;22701;19720;19503;20893;22229;25083;31762;39945;38219;34038;32190;34529;26699;39255;48520;48064
French Polynesia;42631;46590;45751;47494;59031;47175;47657;45018;48977;48877;47832;41754;44301;49832;53644;52786;52434;61140;67123;46229
Faroe Islands;16720;16943;20845;24900;26047;20280;18416;22396;22972;26219;29045;24330;25453;28037;32999;34666;35487;42341;50978;44118
Lesotho;;9602;14225;15746;13336;22212;46079;56629;102933;96178;66787;45226;31898;35112;29085;26832;28296;36575;35227;42249
Bhutan;;9735;11606;10620;12684;11202;16627;21037;22737;;;;25163;28236;30379;28959;22477;33158;40757;41259
Aruba;;21829;24338;27642;25634;23601;21666;25527;25485;27550;29672;27971;28218;29548;33464;35229;28170;30573;36053;37748
Curaçao;;;;;;;;;;;;;;36017;34232;35040;30636;34267;42657;36723
Equatorial Guinea;6110;9527;13088;19172;31566;35578;44573;45506;56851;54495;49839;36307;26649;19552;24233;26149;26616;28381;37898;35411
Burundi;2120;5883;6437;5008;5964;6495;9224;12489;19844;19892;10868;12039;17408;17062;21847;19438;22235;31665;39079;34473
Bermuda;;;;;;;;;20875;23304;21950;23677;25194;27732;28713;27645;29080;32023;37128;34236
Andorra;20279;;20468;23787;24885;21448;19274;18950;18732;19360;20300;18232;18682;20169;22833;23464;19970;23674;33086;34138
Seychelles;9496;11725;13988;;16034;53616;22043;21085;16016;14384;31830;17960;29455;19197;29246;28760;22860;27219;35107;33785
Chad;5076;5316;11495;8486;14976;21957;21513;20251;24158;60579;43263;29174;26879;16236;18247;28012;38611;32895;29470;33009
Niger;8906;10336;10393;12217;14125;23598;30142;22341;23924;27581;29969;29874;24485;27158;27200;44214;34877;37509;74764;31345
Cabo Verde;10364;13758;17836;19202;18605;22869;21839;24257;19501;22271;22442;19284;21793;24016;29887;27902;31175;25394;28433;29867
Solomon Islands;3133;4672;5614;6752;6507;5184;9414;9833;15441;11156;12269;9470;11971;12372;14665;13497;15496;19685;28226;28704
Cayman Islands;;;;;;;;;;;;;;;;;58286;99105;31572;27481
Ship stores and bunkers;3065;4717;5255;4919;7566;6430;4579;6111;9142;8912;8244;8060;6913;6786;32580;41431;14159;13977;26930;25703
Antigua and Barbuda;;8607;;15530;;11502;9682;8789;9425;10102;10645;12997;12392;16074;19452;18327;15071;21397;26475;24478
Guinea-Bissau;344;846;;;;;;;;528;1004;968;1173;1504;2133;15626;18666;30460;25440;22979
Gambia;2103;2626;2358;2832;9917;5949;3965;5693;8637;5531;5515;5164;3744;3083;4133;6746;9387;7180;18771;22492
Saint Lucia;15555;17782;19555;14297;15529;;;;18951;19753;20708;22620;24324;23465;23301;22779;20318;20234;23531;22392
Greenland;15214;13800;13821;18040;18200;18897;18439;18886;18449;24425;23672;19360;15547;14606;17047;17049;17025;20320;19086;20709
Grenada;8733;11738;10178;10772;11628;;9971;9382;9037;10402;8711;10859;12349;13925;17348;16543;12761;14308;19736;18801
Central African Republic;;;70;2600;3122;2214;4645;2313;2968;1599;5410;11187;10260;7213;5820;9561;12943;12608;15533;17539
Saint Vincent and the Grenadines;6900;7749;9896;9767;9763;8557;8804;8825;9306;10593;8518;11411;10455;9540;10125;10229;9087;11111;13513;16312
Vanuatu;;;4174;5520;;6255;6653;6667;5062;5344;5611;8014;8410;8488;6886;7025;9204;10376;12648;15051
United States Minor Outlying Islands;7250;7424;6701;6952;8036;6038;7200;7516;8045;6296;7947;7898;8043;8305;9153;9747;8057;7979;10627;14326
Timor-Leste;1287;2362;;;;;;;;4144;;;;7058;6661;7506;8519;8211;13273;14258
Turks and Caicos Islands;5567;;;;;;;5051;5213;2386;3636;4435;4071;4964;6273;6542;5323;6876;13223;13073
Samoa;13928;14153;15956;11914;17404;7367;14834;9844;12820;15960;16280;19107;16762;11387;11380;11247;7695;8605;10274;11775
Eritrea;5249;9517;4719;5701;5662;7291;8327;7942;10087;12576;10000;7503;10275;10550;12848;12549;13635;8995;12263;11461
Gibraltar;28386;8326;9585;8884;9950;7060;7473;7691;6127;7587;9803;11580;8855;9699;12218;14400;8917;9606;10233;10469
British Virgin Islands;5932;7005;21614;26898;24899;9132;9394;27450;39165;17518;8791;10601;8601;8278;12253;9504;7062;9571;11881;10001
Dominica;5590;7066;7112;7567;8047;7623;7909;6970;5609;5556;;;7204;7390;12806;12179;8657;8135;7991;9539
Saint Kitts and Nevis;7943;10292;11004;11825;12678;11749;10168;8933;7641;8583;10684;9327;13713;10587;6804;7107;6628;8203;10617;8232
Tonga;;;;;2502;1874;2693;3325;4117;3249;3807;;;3722;3639;5767;4315;6242;6705;7859
Bonaire, Sint Eustatius and Saba;;;;;;;;;6;2570;2644;3010;2956;3348;4910;5392;5558;5275;5703;7380
Marshall Islands;907;4094;964;1059;1911;1273;1772;14215;2778;2352;3043;4989;5701;9038;6606;6883;10271;5070;7210;5733
Micronesia, Federated States of;3062;2476;2928;2782;4048;5729;4282;4738;5085;4953;1956;2845;2532;2901;3540;3436;3977;6750;5868;5678
Falkland Islands (Malvinas);837;789;668;977;655;663;1302;3517;4256;3509;6079;6633;3680;4137;5211;5213;5098;4542;6600;5099
Comoros;700;851;;1062;2805;2185;2711;2251;2200;2591;3250;3155;2681;2765;3636;2990;2495;4236;4203;4680
Sint Maarten (Dutch part);;;;;;;;3399;4782;8604;7753;2754;2611;2796;5210;3711;2933;3241;3530;3783
Northern Mariana Islands;5222;5066;4019;2370;1115;750;700;749;752;1421;1838;1820;2288;2367;1328;1916;2405;1578;1630;3665
Norfolk Island;506;652;590;623;974;945;1424;743;778;750;572;300;1935;1469;586;408;843;778;938;3538
Anguilla;1448;971;3052;18461;3336;4095;1104;1175;1362;1635;1766;1353;1039;1042;3395;1541;1540;3199;3221;3440
Guam;5;24;200;30;32;14;16;103;48;50;27;42;106;107;166;2606;515;624;368;3360
Palau;;;;;;;;;2607;;2761;3665;6830;4689;4387;3301;3282;3012;3579;3301
Kiribati;;1139;;1176;935;826;1003;1021;1300;1474;2562;2073;2003;2402;1910;;1451;3319;4063;3247
Cook Islands;;2661;2004;2881;2535;2623;2175;3169;2634;3814;4365;3121;2578;3253;3426;4243;2195;3187;2994;2977
Sao Tome and Principe;355;482;1475;1365;1990;1759;2058;2761;2742;2845;3221;2995;3524;2812;3398;2968;3845;4009;4277;2888
American Samoa;;;;;;;;;139;37;;43;116;307;50;75;211;58;120;2476
Saint Helena;1094;787;1351;27566;1278;986;699;1007;1083;1487;1857;3274;2671;2199;1746;1542;1849;2611;1974;1928
Nauru;139;61;163;147;85;143;140;582;724;2931;2321;1414;1883;1211;2020;987;1982;3633;3267;1713
Saint Pierre and Miquelon;1885;1543;2829;2734;1845;2208;1915;2168;2190;2510;2316;2261;2067;2153;1596;1380;1968;1896;1895;1520
Tuvalu;268;165;478;866;604;486;416;941;5146;726;339;552;434;252;410;562;856;718;1712;1241
British Indian Ocean Territory;2512;232;166;252;195;74;76;149;249;134;77;219;160;420;298;303;247;531;689;1005
Montserrat;546;725;667;593;865;686;;;1139;661;656;605;814;707;969;753;1230;899;1315;977
Wallis and Futuna Islands;648;572;817;1043;936;704;937;1082;826;1103;887;781;432;487;810;725;846;908;841;948
Christmas Island;541;472;623;981;263;504;1171;1210;819;560;754;434;660;605;247;364;306;472;552;881
Niue;309;278;201;338;597;10317;5735;2090;325;340;463;294;535;557;533;669;724;761;873;746
French Southern and Antarctic Territories;623;593;776;645;7761;1708;768;604;1029;603;290;487;410;436;336;611;781;960;538;537
Cocos (Keeling) Islands;150;204;286;620;115;602;142;261;92;73;149;122;122;169;104;81;117;260;768;528
Western Sahara;155;8;6;18;2;4;16;453;6;;13;15;21;13;;1;28;12;196;229
West Asia not elsewhere specified;;;;;;;;;;;;;;;;;;;33;134
Tokelau;1461;2247;1685;1182;2032;4830;9011;605;914;383;110;90;165;796;277;231;315;158;156;92
Pitcairn;151;111;80;371;292;414;375;395;58;104;8;27;7;108;85;195;77;153;921;68
Bouvet Island;;;;;;;;;;;;;;;;;;;;1
British Antarctic Territory;;;;;;;;;;;;;2;;;;;;;
Mayotte;6863;7561;8283;10695;13471;11022;8032;8809;9487;11347;;;;;;;;;;
Netherlands Antilles;;25485;26344;32924;36947;34459;21478;;;;;;;;;;;;;
Sudan (before 2012);132944;169211;167757;170584;272254;262778;416584;478473;;;;;;;;;;;;
Serbia and Montenegro;489550;432187;109204;;;;;;;;;;;;;;;;;
