Exporters;Exported value in 2004;Exported value in 2005;Exported value in 2006;Exported value in 2007;Exported value in 2008;Exported value in 2009;Exported value in 2010;Exported value in 2011;Exported value in 2012;Exported value in 2013;Exported value in 2014;Exported value in 2015;Exported value in 2016;Exported value in 2017;Exported value in 2018;Exported value in 2019;Exported value in 2020;Exported value in 2021;Exported value in 2022;Exported value in 2023
World;296037120;340871168;386837905;446592996;473194534;391835111;483231285;564635050;562830071;591539646;613659091;549438740;543697932;596592895;655703258;625617103;610734892;807672506;823335732;729272039
China;13105642;17782741;22224404;26585024;29808557;25274692;34696577;45420906;55194044;61753142;66789420;65835653;64035659;70645690;80135877;84157225;96378231;131074406;143529368;132467055
United States;33834387;38254439;42712143;47858263;51220849;42795066;53625263;58743605;59006434;60980811;63037374;60347504;58628345;61907709;66561665;65004106;60205864;74313449;83283461;77796411
Germany;39530991;44670212;50476790;58157913;56033340;48159173;53506444;61505198;57420579;60550317;62934869;56058285;57400821;63173991;67669156;62929691;60108805;76237791;76014553;69309903
South Korea;11899682;14262514;15391310;17730925;20215530;18355887;23953247;27719360;28381150;31179306;31835781;28220063;27651647;31485679;34917595;32594762;31561719;43195814;41158081;35040437
Belgium;20826949;23665008;26933792;31617641;32562668;24934742;29806870;33819417;31432425;32397537;32072234;27278525;27021434;29626285;32645117;29488734;27480142;38971903;39318089;32689369
Netherlands;15207339;16396619;18145545;21273478;22217551;17310141;20200788;25641390;24231585;25636626;26218580;22255401;21640966;23948249;26141049;24035591;23699039;32363148;32600478;27056533
Italy;14215236;15291880;17571205;20632780;21393360;16439413;18384948;21172834;19981527;20930188;21593631;18694055;18961064;20984828;22742134;21508889;20529668;26509457;27025761;24672550
Japan;15387230;17442243;19637301;22047871;23851994;21716206;29268430;30381895;28521794;25703699;25267573;22499546;23431011;25138705;26132999;25218431;25555906;30364676;27076156;23707973
France;15517731;17379266;19207210;22348004;23295391;17465152;19608175;22512858;21003866;22191511;23113674;19553528;19524218;21511060;22578513;20902707;19299339;25645789;25213555;23204854
Taipei, Chinese;11002258;12747569;13910457;16642556;17070590;14584218;19643138;21884491;21056218;21897100;21351685;18491837;17569945;20288942;22439760;19867496;18573924;26457908;22910597;17633485
Saudi Arabia;3297887;4731128;5198957;6108716;7122920;6326255;11302592;14470503;15499442;17028040;18906546;15335996;14430900;16991534;20933538;19040659;16318244;23750907;23147131;17455331
Poland;2308288;3078798;4420662;5717306;6954263;5389158;6455861;8111535;7840621;9266799;9590798;8884863;9155882;10270858;13043686;11721711;11900109;15821931;18221247;17400583
Canada;10116357;11758297;12753871;12563764;12613444;9087571;10770794;12268473;12071409;12568345;13173242;12496078;12125288;12579559;13582292;12679832;12420863;16880640;17256664;15521011
Spain;6316624;7132962;8025283;9760935;10182496;7903995;9844122;11370394;10734614;11515734;12485680;10873995;10829480;12169611;13228713;12215178;11529846;15848213;16309799;14032856
Thailand;4537045;5991314;6490350;7549075;8244052;6813723;9266880;12136373;11935266;12562216;13504184;11736485;11391344;12705869;14531375;13355023;11863592;15526462;15088788;13006816
Singapore;5675524;6677303;7579862;8399074;9024832;7314885;11403554;13724017;14224599;14637946;16383260;13444900;13095523;14580059;15956324;14605484;12911292;15913254;15612295;12617483
Mexico;3974077;4580244;4985710;5304213;5369514;4623957;5697119;6616923;7521035;8077010;8628295;8321261;8369391;8977302;9544293;9422277;9128902;11420944;13145881;11737277
United Kingdom;9931159;10880606;11418412;12305590;12580629;9661771;11096547;12810866;11802259;12088983;12816238;11821145;10947608;11892715;12385306;11876204;10588134;12712233;13006806;11572482
Türkiye;1323732;1722148;2214266;2822051;3563148;3093759;3716596;4580258;5012899;5769370;6277203;5358692;5027828;5474292;6042982;6805351;6971354;10016195;11570171;10571002
Malaysia;3240203;3829573;4474987;5173869;5732090;4703608;6181847;7007515;6884512;6826634;7555003;7114920;6887658;7483262;9403859;9594622;8181528;10284721;10266811;9043062
Austria;4166609;4473355;5392876;6908145;7489604;5824089;6753305;7776246;7273945;7775439;7926729;6840989;6820294;7314314;8194936;7516991;7189785;9470655;9495698;8820839
Czech Republic;2313231;2859730;3268740;4058753;4968145;3848167;4576714;5382936;5250612;5755918;6392985;5589964;5484062;6430630;7099240;6650858;6467959;8492495;8545549;8112195
United Arab Emirates;;973399;;1385762;1978859;;;;4859097;3320098;3625074;3466748;5420408;5099958;5489962;6018219;6965824;9267300;9729983;7581826
Viet Nam;267734;441517;625872;900710;1159568;1043328;1371288;1749499;2186376;2456765;2722425;2634782;2786216;3315735;4186122;4842101;5161178;7297439;7943015;7429231
India;1900849;2222790;2661760;2689966;2816753;2331508;3630341;5465281;4936166;6222703;5398297;5004809;5212533;5923073;7881740;7351307;6598432;8555158;8235825;7117179
Switzerland;3981794;4109316;4581056;5378338;5738288;4471447;5046646;5736257;5175978;5432255;5622051;4892114;4911023;5099103;5554500;5230177;5029513;6201284;6254049;6163630
Sweden;3786441;4140513;4564658;5432142;5782518;4462545;5291038;6051833;5745676;6031374;5898216;4968890;4946539;5352473;5566440;5374363;5218148;6906362;6861059;6149496
Hungary;1734742;2235551;2825108;3300311;3688950;2699641;3271422;4021254;3721754;4120988;4303437;3820432;3831426;4365179;4786337;4461689;4443416;6423670;6085184;5420396
Iran, Islamic Republic of;188240;370179;797613;858757;1410979;2300621;2860440;3380326;3642857;4320475;5074713;4743913;4940010;6042678;5551469;4543710;4189448;6206209;5805267;4680329
Hong Kong, China;11038594;12198390;13080038;13869620;13640326;11389526;14081970;14393659;14644986;14770583;13835849;12305018;11019609;10636557;10040926;9058872;7992756;9251940;5929780;4536253
Portugal;1183350;1566656;1804522;2222069;2407344;1903388;2312352;2758312;2676738;3006545;3257264;2835923;2953253;3309595;3858830;3289971;3143232;4156310;4266727;3946031
Brazil;1513426;2050551;2553011;2897999;2696596;2662864;3087030;3773612;3495990;3363332;3369232;3483327;3501806;3656337;3426433;3043063;2590407;3582216;3823301;3065592
Slovakia;792599;1037207;1415570;1908225;2019487;1659211;2034594;2579301;2203261;2403732;2531559;2349081;2380215;2613556;2815150;2546741;2450111;3300566;3207823;2981466
Denmark;2226220;2370974;2631492;2840382;3003287;2488262;2454399;2736375;2605844;2620466;2643435;2306141;2301945;2510318;2743479;2601319;2685376;3123780;2941282;2888901
Russian Federation;688299;717815;843004;1295132;1410407;1276471;1236002;1550603;2096328;2570423;2680924;2258695;2251873;2814439;3172085;3025527;3775462;6178194;4253539;2801802
Indonesia;1323264;1562052;1738039;1906481;2132333;1772276;2150146;2513675;2436580;2527891;2674254;2251319;2251946;2396582;2587556;2453179;2602791;2892579;2913045;2789215
Israel;1596180;1759440;1892988;2328413;2563854;1873695;2029456;2489932;2319817;2357298;2501715;2270013;2362513;2697909;2932135;2810259;2734571;3323157;3393371;2782075
Qatar;441465;638919;1129397;1369355;1456097;1171778;1494152;2430447;4327088;5155820;5302848;2864836;;2794138;2954905;2401979;2074958;3175089;3399269;2762993
Romania;472508;565064;765959;976995;1182513;769428;926968;1273268;1122185;1286610;1417732;1278881;1382529;1593391;1850829;1829856;1825847;2613473;2640020;2581224
Finland;1663041;1838249;2055387;2445045;2651774;2112997;2409091;2846867;2555053;2790139;2796119;2236160;2168935;2382391;2599160;2383685;2290685;3186130;3119188;2479524
Oman;73291;79791;81840;291258;484643;653231;665169;786001;658182;755032;928201;727462;380717;551615;692724;545005;1330905;2327584;2946241;2363259
Ireland;944568;997585;1058205;1268885;1219586;997928;1159481;1329364;1240208;1419064;1516320;1461058;1404023;1475206;1704293;1647386;1623472;2214069;2373351;2305682
Egypt;198704;280274;391433;431205;889606;757236;886512;1098076;1266775;1511906;1648880;1377354;1189579;1545772;1789937;2006198;1763236;2784541;2782522;2294129
Lithuania;243972;380629;673561;1279838;1332543;1055097;1322846;1606854;1663565;1838933;1871105;1448318;1521235;1785451;2083574;2011487;1888422;2478754;2772987;2200376
Slovenia;555885;631099;749863;950476;1026617;786285;911037;1105858;1081348;1245626;1320316;1143685;1206488;1397484;1605907;1539747;1488995;2042497;2049555;1978317
Greece;682717;796375;927420;1169154;1295726;997852;1125625;1271742;1154149;1200808;1309339;1102713;1110226;1255088;1392129;1312470;1309114;1846774;1894666;1648047
Luxembourg;876562;841112;919955;992263;1232251;1063560;1191176;1333883;1210691;1323572;1333903;1218561;1209214;1067862;1487487;1541958;1489827;1797097;1868745;1609639
Colombia;774358;904122;1048190;1233735;1376644;1099407;1256802;1510205;1541056;1601221;1616938;1423850;1278503;1361423;1532967;1471826;1322811;1983344;1999665;1551456
South Africa;494165;605507;587010;615002;875104;739604;1225992;1409681;1592963;1481130;1582423;1227624;1199094;1307957;1453925;1441844;1235499;1549105;1688280;1449091
Bulgaria;198356;251401;321824;425767;456338;351190;414589;578922;599831;733895;793728;743146;760046;862223;990765;1047077;1095794;1474168;1586118;1440619
Serbia;;;382411;483512;591880;378992;476951;605923;520454;790098;732279;659209;736834;838449;961516;959451;1007337;1377615;1392951;1308115
Philippines;252763;276026;340796;333661;389823;321985;402635;452817;1553143;530831;612105;735244;720957;713123;911768;1024536;895419;1265737;1109944;1058438
Australia;589969;719872;722021;947089;905408;793911;925018;970004;992154;881780;894737;815228;833103;904161;863379;824190;654430;886568;912798;768890
Tunisia;133493;125571;150403;268299;309796;293319;347971;396652;394525;434573;440495;370829;404807;460960;526170;550292;501480;611746;648769;759950
Argentina;932665;1147086;1224306;1202447;1478508;1225477;1346573;1536173;1390059;1287292;1293156;948926;973269;997654;1076334;835448;703380;1035468;1058106;751389
Croatia;277357;348301;381746;477245;553190;373854;483720;430630;248143;307384;373317;366974;386288;420879;486973;516120;511574;702150;771648;736179
Kuwait;891450;;1076812;1265082;713544;2413485;1655556;1831084;1736908;1592090;1088845;839258;685568;664082;811790;627122;577813;412128;582048;683730
Dominican Republic;72907;104327;150653;212041;227647;274178;147636;342804;309248;281980;375219;323521;355044;357788;339666;348066;398603;546028;703696;675832
Norway;358680;402547;419161;510809;549969;450838;459631;505134;495099;514750;535190;431711;440309;490716;499817;459662;447214;557240;645891;647438
Peru;110928;163706;185762;261344;310932;257490;356776;465873;706638;686237;569855;487190;442080;454008;517508;534470;542515;708923;713773;559349
Guatemala;98260;144722;99316;181294;210042;163913;209471;254270;283695;280137;298413;312956;310873;316392;325664;345272;367021;519796;601467;547913
Estonia;138932;182249;232230;296085;345751;246265;328266;413627;410454;440972;413565;341440;362097;407271;434548;435943;452360;561552;562033;533205
Costa Rica;140503;178769;163759;200849;224890;142989;231492;323217;373087;378261;389614;358082;347185;350069;367070;378905;354485;446930;466102;519988
El Salvador;85891;114023;135224;174869;215514;194083;241741;277197;303530;318562;332223;337040;318396;354461;334380;384169;366119;495911;603174;505530
Latvia;75150;102843;133244;169716;195690;158411;229206;282959;281505;307014;324587;270846;290981;338434;393554;386606;407292;554923;546444;472945
Azerbaijan;67073;71659;99870;70899;123096;60723;84509;123893;108827;122104;156979;112452;98975;101120;118593;179402;164628;442188;386216;460787
Bosnia and Herzegovina;24630;36852;67530;91510;99546;77877;83374;110351;125592;147812;162129;155563;174853;199589;244203;281093;299419;392812;434024;429883
Uzbekistan;;;;;;;;;;;;;;444955;454842;403013;324422;406596;410013;403668
Chile;235749;267472;340472;345152;419238;364834;444138;575416;530086;472372;475662;477776;366210;419859;429387;427271;364845;469456;453575;375954
Kazakhstan;10773;10443;15875;22235;37454;32212;43625;82524;114059;89473;113987;84432;80795;86869;107331;129481;118509;188428;257309;368789
Pakistan;151550;274048;213347;186524;296463;305797;408132;543883;520985;449789;361431;284130;267038;272403;309735;358253;342738;389171;424184;368415
Morocco;30402;48948;42087;82359;112343;89166;115842;123037;105624;105151;153080;139024;153551;180253;210153;241318;266216;315027;336830;363369
Cambodia;1984;1640;3734;2725;690;2106;8286;10709;15636;21592;19447;71703;120080;150147;195264;239545;308901;410794;395513;339152
Uruguay;100221;131749;150664;184823;223709;189435;239859;304132;304657;296232;284661;234724;197867;227117;261306;260767;242393;296275;352769;316011
Djibouti;;;;;;8528;;;;;;;;;;;;146153;299933;301609
Jordan;76085;113094;112223;127945;158819;138366;183457;233739;308732;347320;379511;316389;255416;270005;270425;242836;186387;250930;316835;299119
New Zealand;283175;323966;291586;327192;327356;272744;345491;386037;381124;390698;397615;342796;335770;337357;333378;318099;303626;339812;321313;294798
Ukraine;307420;384127;564661;704220;680201;396304;512150;764809;780070;600324;459590;342530;333950;465973;610121;635039;599785;980548;428044;277646
Belarus;331190;333907;458313;566846;656685;548321;738344;864630;1066528;1136869;1114653;877345;913193;1066304;1084526;1099023;1013680;1000688;255949;233267
Honduras;20346;21568;32617;68722;121207;91266;99783;62790;143692;61681;170434;127320;94179;100859;116790;43941;143770;51222;;222530
Bahrain;38930;53004;49225;56720;111238;80093;82805;111825;127419;161536;229806;273356;217092;186655;188160;206676;234883;299957;308930;221252
Macedonia, North;25414;27475;30693;46513;68755;61508;54494;78787;82016;97769;90446;77553;82928;92184;112257;118387;117472;177604;189715;189262
Ghana;1828;14776;175526;51688;31829;120233;63155;308319;68587;75392;192270;255577;308528;370320;204500;224401;;250892;187580;188772
Côte d'Ivoire;58197;50149;56765;71917;79940;150406;120269;112874;134703;159550;166236;174923;206496;225797;151651;133985;130340;149292;170251;175967
Panama;6003;5996;103805;111874;127112;103298;139133;159718;163440;193493;186308;145895;132451;119428;123671;124862;108454;150926;182237;165631
Bangladesh;28141;49382;41719;49145;59587;45981;58374;79323;88576;72214;;80222;83273;95394;109207;121053;108912;149936;202973;163006
Ecuador;34920;46273;58969;76954;85948;69300;97631;129881;146970;160622;172784;131329;117488;108415;123039;124330;108381;188416;241560;158709
Kenya;52208;78455;96513;102726;136087;114354;138875;166138;183679;174130;182264;163537;139218;129534;117668;110308;117989;139627;150755;154950
Togo;16510;34403;;3816;31935;45778;45587;65707;73684;72811;85573;88980;94992;81798;101415;104981;125922;123964;138390;125538
Lebanon;54720;72926;76396;107568;138954;116922;110772;122766;136869;137615;131439;126765;131762;147172;187532;149731;102413;116190;384331;103438
United States Minor Outlying Islands;1934;797;1510;3655;2225;3965;8768;1756;2079;1744;2170;1110;1339;1100;1405;1284;1056;2158;1066;90613
Malta;36792;39404;48620;62355;72617;50437;55917;68473;66651;65311;52071;58763;60231;77854;82529;98382;94384;90704;81452;87269
Paraguay;14407;19343;23599;32395;46973;56371;70209;99466;79575;85365;110465;90428;86142;97731;106068;107698;87445;93199;92798;85344
Trinidad and Tobago;29004;34759;38488;39601;40687;35271;28498;36368;36775;48486;42207;47221;49646;46567;50874;50182;47783;65262;103201;76430
Moldova, Republic of;6238;9751;13765;22105;24454;19934;17896;37570;35182;40497;31890;26798;23188;31238;40147;46143;37431;45353;68877;75962
Albania;1289;2924;5918;4648;9279;9851;9318;10795;8662;12972;14185;11757;15258;16092;19305;21797;18065;35716;65136;64695
Free Zones;64350;108781;134037;173049;201212;173010;227457;273641;534999;271139;293794;609389;593855;515553;532763;138720;56233;68167;83282;63384
Kyrgyzstan;11877;15862;18437;15608;7310;5946;8342;12319;14471;26640;19768;14501;10093;16303;18120;33455;39439;38887;49082;62951
Uganda;4386;3967;4932;8617;13431;11895;11747;20402;28473;34425;37077;34173;21712;24749;32374;33241;28524;49070;58406;60913
Sri Lanka;52832;59374;59828;56808;56776;39520;47524;54786;61242;54916;75903;73387;77320;84398;;77164;183065;85866;60940;56206
Mauritius;14222;18895;19137;25757;23048;16767;19928;27580;26194;25547;29533;27400;26128;31647;46149;44888;33804;35984;46048;50239
Bahamas;96990;115692;139575;143353;152893;123376;105002;137500;156828;187113;171754;87365;80597;101085;90308;69921;58939;67215;35007;46715
Armenia;649;1021;3214;7227;5518;5227;6541;8448;11263;11539;11136;10787;8865;7716;12148;12365;12497;15003;38793;39518
Nicaragua;4349;4581;3250;8428;11564;8699;8899;9554;10573;11417;15016;27691;11804;10638;11384;11900;11744;21151;46019;38763
Tanzania, United Republic of;5192;12644;43767;45250;35880;25931;85289;70029;45998;53919;36063;32507;39498;28163;36515;28863;28727;64205;42790;37918
Myanmar;;;;;;;1118;14578;5675;22678;10978;14764;31142;49889;59086;66821;45912;43586;41666;37191
Zambia;2491;7366;9009;5543;11090;15573;13175;6439;22369;21193;9577;9572;10808;14011;17150;23934;19453;25598;46155;34972
Nigeria;;;14768;108931;574746;154529;422384;159051;100760;232882;106417;44609;40724;78541;71412;44756;7187;55168;63723;34803
Nepal;;;;;;24945;22170;16925;19223;16579;14066;9962;8194;8263;7652;7993;6782;8515;10553;34625
Botswana;7702;9618;15692;20735;18003;14883;18781;30011;35923;28709;32477;30253;27742;22224;24253;18098;25286;32168;29182;34030
Turkmenistan;45093;63816;65855;104441;97678;75606;96249;75696;134882;107358;105872;87264;80434;71463;73633;127121;145270;167714;116734;33535
Cyprus;12659;11915;11023;11984;12901;10642;11837;15697;18455;19737;18904;17818;22501;25816;27762;26830;28912;36050;34299;32374
Senegal;27544;31188;33233;40668;43392;50635;36616;31746;37621;35194;41865;37920;41458;40790;42269;33113;38334;29370;39316;31207
Iraq;;;;;;;;;;;125;14105;16344;12228;12486;12517;9396;18107;27405;31122
Algeria;2094;18774;50636;22897;8975;6790;5089;4238;6010;7193;4448;3698;3608;3863;9655;8636;8174;15596;34835;27144
Georgia;830;473;1338;1872;1220;1509;1718;2934;8027;12295;15229;6702;7675;13792;18465;17052;9284;24241;44997;25955
Venezuela, Bolivarian Republic of;165694;188543;45919;113433;67581;22695;73602;26456;1367;29559;34375;34055;42967;74542;26508;17232;8349;14356;22200;24881
Iceland;12170;13641;12210;15222;12730;13601;17908;20853;21124;17676;24647;20319;17857;18167;23828;17533;20291;19240;22212;21566
Yemen;852;2384;2813;5379;10643;11643;14298;12044;7171;4695;5296;2196;12898;17946;5924;15301;8627;22321;42361;20676
Namibia;11528;10313;8083;10144;14431;23280;21124;21879;31837;20463;17802;14096;8529;14736;47297;52744;55535;82398;55293;17786
Lao People's Democratic Republic;;;;;;;715;501;733;978;2352;2168;2135;1171;10903;60817;39142;25953;23748;12749
Syrian Arab Republic;134498;70212;222451;254077;258219;300758;369010;197293;108945;29500;19696;16469;7782;7176;6082;6483;7239;10899;10188;11066
Zimbabwe;13113;4710;3774;4837;2334;5825;5942;7953;6973;9417;9231;7234;4717;3891;7678;7203;8798;10824;7903;10741
Malawi;927;1070;2735;18458;3753;16206;16052;27402;20962;20167;18720;29970;12203;6873;6874;8388;6537;9361;10310;8195
Jamaica;5153;5517;5337;4818;4630;2932;3252;4294;4740;5765;3959;2416;6099;5084;5949;9878;6063;6672;10690;7576
Eswatini;5146;5776;10026;15287;13887;18375;19546;7729;7378;6879;6780;6050;5671;6179;8448;7880;6144;7635;8704;7499
Mozambique;864;6111;1310;3888;2004;2412;958;4001;1110;7225;3052;1893;601;1250;2610;1787;1698;3187;5053;6778
Cameroon;3975;2081;1722;12734;12680;10085;11245;14529;10339;8244;13552;9130;6948;9895;7245;9803;10840;9875;7493;6540
Korea, Democratic People's Republic of;25591;52538;93728;70471;83393;56142;64380;37783;35870;35057;27608;35618;18730;24699;19091;20683;13976;13121;18758;6460
Guyana;469;535;219;502;187;264;528;359;262;359;615;3107;2560;3906;4612;35753;2137;2031;1768;5777
Barbados;3390;5049;4996;5441;5001;5935;6863;3175;3216;3510;3866;4278;4410;4921;5546;5223;4267;4317;5957;5669
Mongolia;984;1123;1620;1314;;;1281;1274;1431;1763;1647;1752;1777;1328;283;829;150;781;2164;5572
Montenegro;;;495;489;906;720;1534;1447;1573;2089;1770;1709;2645;3042;2740;3495;3625;3548;5497;5392
Curaçao;;;;;;;;;;;;;;500;665;575;525;2007;1593;4945
Angola;65;84;800;0;1539;0;0;0;0;0;0;5241;7953;6347;6307;3506;1534;3651;4412;4884
Lesotho;;136;902;25;501;241;417;827;1032;389;485;755;810;1221;1543;2408;2640;2927;3130;4658
Fiji;1212;1725;2507;3890;2295;2438;3580;5282;4437;6249;7983;6081;6333;5683;6338;6231;6408;5138;5283;4531
Turks and Caicos Islands;41;;;;;;;5;12;373;2039;181;220;409;3307;3746;2026;818;3865;4347
Bolivia, Plurinational State of;3775;6760;7067;7248;5470;5160;9771;5505;7993;11169;7238;4485;3286;2512;2497;3946;4069;9462;9327;4126
Benin;146;146;616;1266;1531;1409;1594;3360;1621;2875;2734;2628;3337;4186;1470;3466;2545;2225;2721;3861
Mauritania;0;0;;0;0;0;0;0;0;0;0;0;215;256;374;155;3238;4548;4519;3775
South Sudan;;;;;;;;;5;153;104;47;33;40;60;45;47;249;595;3693
Burundi;163;237;3;153;541;314;122;349;2605;138;6058;994;3347;3537;1421;495;3110;3764;4401;3636
Haiti;;;;;;;;;;3001;1304;4292;1540;1883;4671;4427;1968;4115;6658;3443
Suriname;1420;1559;;2493;;2991;2541;3925;4990;5640;7377;6367;4393;3786;3039;2791;2781;3182;3239;3337
Gabon;240;428;340;1117;259;227;252;345;3591;1784;3313;3358;5138;1970;2383;2158;2197;1305;3348;3126
Ethiopia;105;361;138;644;1625;532;171;315;310;391;1361;1921;2144;2799;4444;7099;5252;7343;13253;2969
Sudan;;;;;;;;;1323;1698;3662;3093;2501;3580;3735;4994;4195;5182;7052;2287
Libya, State of;;;;112319;110876;85973;91551;;;;;2557;1343;1937;1275;984;580;1641;1313;2248
Sierra Leone;;;;;;;;;;;8095;869;1032;448;384;1409;2471;3725;4646;2140
Madagascar;2656;2384;4110;6709;6972;4584;4230;4349;3942;4313;5996;1457;1728;1295;1718;1825;1579;1581;1825;1964
Faroe Islands;30;46;1044;1196;1680;1551;840;1263;1368;1099;515;820;1137;764;1053;654;492;1096;1185;1841
Afghanistan;;;;;0;0;0;0;0;0;0;0;0;13;44;77;1202;1339;1302;1732
Rwanda;35;153;274;603;1444;682;953;1683;2585;4252;2349;1508;1435;2247;3306;3559;6757;22990;3689;1708
Saint Lucia;439;217;250;239;1113;;;;632;1010;690;513;611;843;601;503;638;1212;1542;1576
Burkina Faso;308;145;467;678;533;630;377;350;438;4578;5093;2284;7848;4083;4134;3920;1213;1556;2466;1521
Macao, China;11204;18620;22308;17360;21675;14344;10060;5440;4249;12221;10530;5021;1732;1719;4558;2553;1660;3733;3206;1453
Papua New Guinea;409;;;;;;;368;42185;;;;;;;1553;656;430;2306;1290
British Virgin Islands;1092;2424;7318;4793;4291;2970;3199;2438;3658;99537;5297;1371;1548;415;354;941;130;333;529;1271
Tajikistan;;;;;;;;;;;538;405;472;502;427;803;485;1736;1529;1267
Bhutan;;6752;5752;6900;2;6345;5341;6622;6053;;;;10039;11972;8138;7937;2852;2086;803;1184
Gibraltar;165;153;145;1107;281;1279;197;110;102;171;789;192;258;228;243;93;744;107;141;1143
Grenada;1482;91;24;17;21;;28;24;38;41;185;22;51;61;91;56;81;110;85;1124
Andorra;1960;;755;799;1231;1196;1131;1397;1430;1720;2180;1630;1724;802;541;467;889;614;1326;861
Mali;1518;1568;4395;3264;5400;;6498;5958;5076;;;;6998;4583;6500;5903;5782;3746;3985;681
Brunei Darussalam;1904;1297;644;953;851;1318;1570;1018;1397;1377;1767;1565;5202;1362;912;1396;353;825;3709;675
Saint Kitts and Nevis;53;66;128;382;758;834;973;1052;1417;1081;1368;1412;869;256;763;215;136;142;146;636
Anguilla;115;94;89;102;1210;1852;487;146;155;74;173;135;204;202;202;567;55;68;192;584
Cuba;311;759;1822;;;;;;;;;;7831;229;122;323;110;2084;1801;577
Saint Vincent and the Grenadines;568;749;751;758;649;678;616;703;664;594;695;600;686;517;582;690;569;426;522;557
British Indian Ocean Territory;147;38;171;65;2;273;106;316;111;106;126;88;31;48;101;75;37;76;16;555
Marshall Islands;285;58;239;124;490;324;96;63;97;102;641;452;10256;31286;35954;11933;697;2597;1183;554
Dominica;22;39;130;124;131;105;138;53;170;109;;;176;109;213;232;230;398;160;534
Niger;1027;656;307;488;2337;240;240;424;414;655;507;834;1269;1728;1608;1028;1443;1792;1480;521
Aruba;;297;193;204;172;923;119;208;404;254;522;233;317;386;295;320;561;553;600;435
Guinea;623;770;2068;2419;6374;7791;9530;12791;13830;15692;16958;12060;36651;5880;18352;7354;8016;9841;6923;406
Christmas Island;50;55;11;58;192;30;60;15;137;57;23;200;17;335;40;73;33;34;100;405
Palestine, State of;;;;37095;43226;32048;42303;55376;58675;69358;68328;74717;78457;77238;88095;91743;102102;138404;136895;385
Seychelles;0;52;14;;26;72;194;358;14;58;364;83;35;364;146;261;217;1732;212;376
Equatorial Guinea;16;154;146;526;651;2145;388;763;80;58;61;38;52;38;30;81;87;79;83696;332
Congo;;;;397;534;459;437;1043;382;396;289;296;962;1035;753;1336;557;363;814;320
Tokelau;602;138;549;173;369;1539;704;520;302;431;372;655;469;439;830;337;288;287;478;309
French Southern and Antarctic Territories;51;18;69;15;120;128;1855;125;711;39;177;62;62;135;174;341;613;885;174;304
Cocos (Keeling) Islands;8;137;105;291;137;116;128;236;20;53;50;5;17;74;124;51;457;359;94;294
Eritrea;73;24;189;75;75;251;178;49;33;121;118;68;36;23;34;32;132;10;29;269
Belize;18;7;60;23;1;11;86;89;188;304;1225;3072;5002;3381;958;515;102;131;113;244
Solomon Islands;0;1;1;0;0;19;5;97;5;10;80;9;4;15;50;128;42;104;205;227
New Caledonia;697;653;594;1246;856;707;827;1334;901;1255;936;1231;478;215;359;184;198;303;456;213
Chad;85;850;737;41;88;2688;1058;58;3806;5111;934;556;802;2000;3487;1838;1654;1201;142;212
Falkland Islands (Malvinas);24;73;921;18;85;164;49;99;31;2;42;53;45;74;23;2;69;30;3;209
Saint Pierre and Miquelon;7;1;1;2;192;2;11;9;12;20;51;44;60;60;12;6;29;56;28;198
Timor-Leste;583;76;;;;;;;;19;;;;46;0;63;11;34;144;184
Maldives;11;78;1;3;12;0;9;106;63;80;123;51;85;58;72;90;48;85;145;172
Congo, Democratic Republic of the;;;;;;;;;;;;444;683;213;723;207;308;428;691;162
Sint Maarten (Dutch part);;;;;;;;31;4;63;115;40;233;258;167;251;128;117;189;161
American Samoa;81;;409;;;;;327;405;66;2506;1238;184;3229;65;199;148;56;26;159
Nauru;133;261;57;282;76;545;44;261;197;101;229;241;172;213;537;242;295;371;895;156
Somalia;103;885;1942;6199;3834;521;180;2230;2069;5093;4004;414;243;34;63;103;18;899;228;156
Tuvalu;9;17;15;24;137;20;6;125;173;5;75;26;97;253;18;5;1;85;4;133
Antigua and Barbuda;;208;;934;;181;157;126;236;341;135;231;92;336;95;104;50;137;84;129
Micronesia, Federated States of;0;0;0;0;0;0;0;0;0;0;28;23;19;62;84;3;56;23;139;125
Saint Helena;287;170;343;458;124;117;88;1030;644;120;148;468;377;334;292;436;12;37;58;124
Greenland;141;8;91;32;14;30;21;23;35;25;12;13;12;28;16;26;73;117;69;118
Ship stores and bunkers;106;92;79;8;168;310;321;42836;11120;165;475;77;668;974;102269;56438;58;148;40361;116
Cayman Islands;;;;;;;;;;;;;;;;;59;152;450;84
Liberia;;;;;;;;;;;;;;6173;192;1;44;27;24;76
Bonaire, Sint Eustatius and Saba;;;;;;;;;;1;4;1;5;455;518;558;575;4;45;67
British Antarctic Territory;;;;;;;;;;;;;;;;;;;;61
Norfolk Island;31;2;2;27;67;75;15;19;231;30;1;32;57;6;107;328;300;74;162;48
Niue;2;26;8;28;277;464;2795;83;266;24;79;109;125;23;103;117;111;10;216;47
Wallis and Futuna Islands;295;17;211;548;15;53;368;1;187;11;7;;46;11;8;55;1;7;25;47
Palau;;;;;;;;;17;;16;51;40;15;6;105;31;28;49;40
Bermuda;;;;;;;;;18;129;408;54;50;43;179;186;189;88;42;36
Samoa;71;111;39;35;6;59;16;156;83;195;65;176;104;439;1431;381;444;132;125;28
Gambia;0;0;0;4;25;1432;1506;4093;1159;657;371;145;641;4;3;2;1;11;7;25
Pitcairn;40;39;;6;115;;45;26;18;27;3;;33;110;30;54;39;145;37121;24
Guinea-Bissau;10;3;;;;;;;;1;0;0;0;0;0;60;1;1;36;15
Tonga;;;;;2;0;0;1;2;14;47;;;10;3;21;26;27;2;14
French Polynesia;423;406;371;314;423;382;425;426;249;266;263;374;311;512;663;438;476;433;697;12
Guam;;;;;;;;;;;;11;;1;;;1;9;6;11
Bouvet Island;;;;;;;;;;;;;2;;;6;;;5;9
Cook Islands;;0;54;18;19;7;161;18;53;6;33;135;22;95;57;40;22;22;101;9
Central African Republic;;;29;23;0;12;54;49;16;7;34;74;34;240;30;57;59;2;17;8
Kiribati;;2;;7;8;0;0;19;1;0;7;15;44;72;4;;14;1;60;8
Vanuatu;;;3;4;;6;2;14;119;17;21;15;72;16;31;31;55;32;48;7
Comoros;0;0;;0;0;4;3;1;11;11;2;1;1;25;9;2;3;40;7;6
Northern Mariana Islands;14;32;273;31;65;16;48;14;29;37;7;5;11;8;58;63;3;3;70;4
Sao Tome and Principe;11;0;1;13;21;6;13;14;11;8;6;16;3;4;5;4;4;10;8;3
Montserrat;1;0;3;2;1;0;;;3;1;0;3;4;21;2;1;1;8;4;2
Western Sahara;11;;496;388;36;34;24;;60;;43;47;4;5;174;35;15;1;34;1
Cabo Verde;0;175;435;328;0;376;709;838;686;0;0;0;0;0;0;0;0;0;0;0
Mayotte;40;73;130;73;78;45;10;18;38;23;;;;;;;;;;
Sudan (before 2012);3117;1999;598;351;128;119;364;608;;;;;;;;;;;;
Netherlands Antilles;;594;501;422;643;4291;4899;;;;;;;;;;;;;
Neutral Zone;1;;;;;1;;;;;21;1;;5;;;;;33;
Serbia and Montenegro;236527;255680;79525;;;;;;;;;;;;;;;;;
